"","PLAYER","PTS","X3PM","X3PA","X3P.","FTM","FTA","FT.","REB","AST","POS"
"1","Reggie Miller",18.9,2.1,5.7,36.6,4,4.3,92.8,3.5,3.2,"G"
"2","Allan Houston",18.7,1.2,3.2,38.1,3.6,3.9,90.9,3.6,2.2,"G"
"3","Doug Christie",12.3,1.2,3.1,37.6,3.5,3.9,89.7,4.4,3.6,"G"
"4","Steve Nash",15.6,1.3,3.1,40.6,3.3,3.7,89.5,3.2,7.3,"G"
"5","Trajan Langdon",6,0.8,1.9,41.1,1,1.2,89.5,1.4,1.2,"G"
"6","Chris Whitney",9.5,1.6,4.2,37.5,1.7,1.9,89.4,1.8,4.2,"G"
"7","Mitch Richmond",16.2,1.2,3.6,33.8,3.9,4.3,89.4,2.9,3,"G"
"8","Steven Smith",13.6,1,2.8,33.9,3.8,4.3,89,3.4,2.6,"G"
"9","Ray Allen",22,2.5,5.7,43.3,4.2,4.8,88.8,5.2,4.6,"G"
"10","Darrell Armstrong",15.9,1.9,5.4,35.5,2.9,3.3,88.4,4.6,7,"G"
"11","Jon Barry",5.1,0.7,2.1,34.8,1,1.2,87.7,1.5,2.1,"G"
"12","Shammond Williams",6.8,0.9,1.9,45.9,1.2,1.4,87.5,1.9,2.8,"G"
"13","Eric Piatkowski",10.6,1.5,3.7,40.4,2,2.2,87.3,3,1.2,"G"
"14","Terrell Brandon",16,0.4,1.2,36.3,2.5,2.9,87.1,3.8,7.5,"G"
"15","Richard Hamilton",18.1,0.5,1.9,27.4,3.6,4.1,86.8,3.1,2.9,"G"
"16","Fred Hoiberg",9.1,1.4,3.4,41.4,1.8,2.1,86.6,4.2,3.6,"G"
"17","Anthony Peeler",10.5,1.3,3.4,39.1,1,1.2,86.2,2.6,2.6,"G"
"18","Erick Strickland",5.2,0.6,1.9,31.6,1.4,1.6,86.1,2.6,1.9,"G"
"19","Sam Cassell",18.2,0.4,1.3,30.6,3.6,4.3,85.8,3.8,7.6,"G"
"20","Hersey Hawkins",3.1,0.3,0.8,37,0.9,1.1,85.7,1.4,1.2,"G"
"21","Isaiah Rider",7.6,0.5,1.4,37,1.1,1.2,85.5,2.3,1.7,"G"
"22","Kobe Bryant",28.5,0.9,2.9,30.5,7,8.2,85.3,5.9,5,"G"
"23","Glen Rice",12,1.1,2.8,38.9,2.1,2.4,85.2,4.1,1.2,"G"
"24","Derek Anderson",15.5,1.2,3.1,39.9,4.2,4.9,85.1,4.4,3.7,"G"
"25","Dana Barros",8,0.7,1.8,41.9,1.1,1.3,85,1.6,1.8,"G"
"26","Milt Palacio",5.9,0.2,0.6,33.3,1.3,1.6,84.8,1.8,2.6,"G"
"27","Jason Terry",19.7,1.5,3.8,39.5,3.7,4.4,84.6,3.3,4.9,"G"
"28","Bryant Stith",9.7,1.2,3.1,37.6,2.2,2.7,84.5,3.6,2.2,"G"
"29","Eddie Jones",17.4,1.4,3.8,37.8,3.6,4.3,84.4,4.6,2.7,"G"
"30","Chauncey Billups",9.3,0.9,2.5,37.6,1.9,2.2,84.2,2.1,3.4,"G"
"31","Andre Miller",15.8,0.2,0.8,26.6,4.6,5.5,83.3,4.4,8,"G"
"32","Cuttino Mobley",19.5,1.1,3.2,35.7,5,6,83.1,5,2.5,"G"
"33","Kenny Anderson",7.5,0.3,1,33.3,1.8,2.2,83.1,2.2,4.1,"G"
"34","Damon Stoudamire",13,1,2.7,37.4,2.1,2.5,83.1,3.7,5.7,"G"
"35","Jalen Rose",20.5,0.8,2.4,33.9,4,4.8,82.8,5,6,"G"
"36","Travis Best",11.9,0.5,1.3,38.1,2.4,2.9,82.7,2.9,6.1,"G"
"37","Howard Eisley",9,1.3,3.3,39.8,1.3,1.5,82.5,2.4,3.6,"G"
"38","Ron Mercer",19.7,0.2,0.8,30.4,3.1,3.7,82.5,3.9,3.3,"G"
"39","Jim Jackson",11.5,0.5,1.4,32.5,2.5,3,82.2,4,2.9,"G"
"40","Jerry Stackhouse",29.8,2.1,5.9,35.1,8.3,10.1,82.2,3.9,5.1,"G"
"41","Courtney Alexander",9.5,0.3,0.7,37,1.9,2.3,82,2.2,1,"G"
"42","Nick Van Exel",17.7,1.9,5,37.7,2.9,3.5,81.9,3.4,8.5,"G"
"43","Steve Francis",19.9,1.7,4.2,39.6,4.5,5.5,81.7,6.9,6.5,"G"
"44","Troy Hudson",4.8,0.3,1.5,20.2,1.1,1.4,81.7,1.4,2.2,"G"
"45","John Stockton",11.5,0.7,1.6,46.2,2.8,3.4,81.7,2.8,8.7,"G"
"46","James Posey",8.1,0.8,2.6,30,1.4,1.7,81.6,5.3,2,"G"
"47","Brent Barry",8.8,1.6,3.4,47.6,1.3,1.5,81.6,3.1,3.4,"G"
"48","Jason Kidd",16.9,0.9,3,29.7,4.3,5.2,81.4,6.4,9.8,"G"
"49","Allen Iverson",31.1,1.4,4.3,32,8.2,10.1,81.4,3.8,4.6,"G"
"50","Matt Harpring",11.1,0.2,0.9,25,2.4,2.9,81.2,4.3,1.8,"G"
"51","Jeff McInnis",12.9,0.6,1.8,36.1,1.6,2,80.7,2.7,5.5,"G"
"52","Tyrone Nesby",8.4,0.8,2.8,29.1,1.4,1.7,80.7,2.7,1.4,"G"
"53","Derek Fisher",11.5,1.3,3.2,39.7,2.5,3.1,80.6,3,4.4,"G"
"54","Lindsey Hunter",10.1,1.9,5,37.3,0.9,1.2,80.2,2.1,2.7,"G"
"55","John Starks",9.3,0.9,2.4,35.2,1.2,1.5,80.2,2.1,2.4,"G"
"56","Tim Hardaway",14.9,2.5,6.7,36.6,1.9,2.4,80.1,2.6,6.3,"G"
"57","Charlie Ward",7.1,1.1,2.9,38.3,0.9,1.1,80,2.6,4.5,"G"
"58","David Wesley",17.2,1.2,3.1,37.6,3.3,4.1,79.9,2.7,4.4,"G"
"59","Mario Elie",4.4,0.5,1.5,36,0.8,1,79.7,2.3,1.9,"G"
"60","Voshon Lenard",12.2,1.8,4.8,38.5,1.9,2.4,79.7,2.9,2.4,"G"
"61","Terry Porter",7.2,1.1,2.6,42.4,1.2,1.5,79.3,2.5,3.1,"G"
"62","Stephon Marbury",23.9,1.6,5,32.8,5.4,6.8,79,3.1,7.6,"G"
"63","Jason Williams",9.4,1.3,4,31.5,0.8,1,78.9,2.4,5.4,"G"
"64","Tony Delk",12.3,0.7,2,32.1,2.3,2.9,78.7,3.2,2,"G"
"65","Latrell Sprewell",17.7,0.5,1.8,30.4,3.6,4.6,78.3,4.5,3.5,"G"
"66","Jacque Vaughn",6.1,0.4,1,38.5,1.6,2,78,1.8,3.9,"G"
"67","Moochie Norris",6.6,0.3,1.1,28.1,1.8,2.4,77.8,2.4,3.5,"G"
"68","Khalid El-Amin",6.3,0.6,1.7,33.3,1.1,1.4,77.8,1.6,2.9,"G"
"69","Mark Jackson",7.6,0.8,2.5,33.8,0.9,1.1,77.7,3.7,8,"G"
"70","Antonio Daniels",9.4,0.9,2.3,40.4,1.5,2,77.6,2.1,3.8,"G"
"71","Michael Finley",21.5,1.1,3.2,34.6,3.1,4,77.5,5.2,4.4,"G"
"72","Walt Williams",8.3,1.4,3.4,39.5,1.3,1.8,77,3.4,1.3,"G"
"73","Lucious Harris",9.4,0.6,1.8,34.8,1.5,1.9,77,3.9,1.8,"G"
"74","Aaron McKie",11.6,0.7,2.2,31.2,2,2.6,76.8,4.1,5,"G"
"75","Larry Hughes",16.5,0.3,1.5,18.7,3.9,5,76.6,5.5,4.5,"G"
"76","Gary Payton",23.1,1.3,3.4,37.5,3.4,4.5,76.6,4.6,8.1,"G"
"77","Vince Carter",27.6,2.2,5.3,40.8,5.1,6.7,76.5,5.5,3.9,"G"
"78","Michael Dickerson",16.3,1.2,3.3,37.4,2.9,3.9,76.3,3.3,3.3,"G"
"79","Mike Bibby",15.9,1.3,3.5,37.9,1.7,2.3,76.1,3.7,8.4,"G"
"80","Alvin Williams",9.8,0.4,1.3,30.6,1.3,1.8,75.2,2.6,5,"G"
"81","Sherman Douglas",5.7,0.1,0.7,20,1.5,1.9,74.8,1.3,2.4,"G"
"82","Paul Pierce",25.3,1.8,4.7,38.3,6.7,9,74.5,6.4,3.1,"G"
"83","Bobby Jackson",7.2,0.5,1.3,37.5,0.8,1.1,73.9,3.1,2,"G"
"84","Desmond Mason",5.9,0.2,0.9,26.9,0.9,1.2,73.6,3.2,0.8,"G"
"85","Shandon Anderson",8.7,0.6,2.1,27.1,1.7,2.3,73.4,4.1,2.3,"G"
"86","Laron Profit",4.3,0.2,0.7,26.9,0.9,1.3,73.3,1.8,2.5,"G"
"87","Tracy McGrady",26.8,0.8,2.2,35.5,5.6,7.6,73.3,7.5,4.6,"G"
"88","Kendall Gill",9.1,0.1,0.5,28.6,2.1,2.9,72.2,4.2,2.8,"G"
"89","Stephen Jackson",8.2,0.7,2,33.5,1.3,1.8,71.9,2.7,1.8,"G"
"90","Morris Peterson",9.3,0.8,2.1,38.2,1.3,1.8,71.7,3.2,1.3,"G"
"91","Bob Sura",11.1,0.9,3.2,27.3,2.5,3.6,71.4,4.3,4.6,"G"
"92","Mike Miller",11.9,1.8,4.4,40.7,1.1,1.6,71.1,4,1.7,"G"
"93","Ron Harper",6.5,0.4,1.5,26.4,0.7,1,70.8,3.5,2.4,"G"
"94","Felipe Lopez",7.9,0.3,0.7,36.5,1.6,2.2,69.9,3.3,1.5,"G"
"95","Keyon Dooling",5.9,0.4,1.1,35,1.6,2.4,69.8,1.2,2.3,"G"
"96","Mookie Blaylock",11,1.1,3.3,32.4,0.8,1.1,69.7,3.9,6.7,"G"
"97","Chucky Atkins",12,1.5,4.2,35.7,1.1,1.6,69.2,2.1,4.1,"G"
"98","Ruben Patterson",13,0,0.5,5.6,3.2,4.8,68.1,5,2.1,"G"
"99","Dion Glover",5.9,0.2,0.8,19.6,0.8,1.2,68.1,2.3,1.2,"G"
"100","Vonteego Cummings",7.3,0.7,2.2,33.6,1.2,1.8,68.1,2.1,3.4,"G"
"101","Baron Davis",13.8,1,3.3,31,2.8,4.1,67.7,5,7.3,"G"
"102","Corey Benjamin",4.7,0.3,1.2,25.9,0.9,1.3,67.5,1.5,1.1,"G"
"103","Bonzi Wells",12.6,0.2,0.7,34,2.1,3.2,66,4.9,2.8,"G"
"104","Anthony Carter",6.4,0.1,0.6,15,0.9,1.4,63.1,2.5,3.7,"G"
"105","Quentin Richardson",8.1,0.7,2,33.1,1.3,2.1,62.7,3.4,0.8,"G"
"106","Bruce Bowen",7.6,1.3,3.7,33.6,1.2,2,60.9,3,1.6,"G"
"109","Roshown McLeod",9.6,0.1,0.6,9.1,1.3,1.5,88.2,3.4,1.7,"F"
"111","Wally Szczerbiak",14,0.3,0.9,33.8,2.2,2.5,87,5.5,3.2,"F"
"113","Pat Garrity",8.3,1.3,2.9,43.3,1.1,1.3,86.7,2.8,0.7,"F"
"114","Austin Croshere",10.1,0.9,2.6,33.8,2.5,2.9,86.6,4.8,1.1,"F"
"115","Cedric Ceballos",6.5,0.6,1.8,30.1,0.9,1.1,86,2.7,0.5,"F"
"116","Chris Mullin",5.8,1,2.6,36.5,1.2,1.4,85.7,2.1,1,"F"
"117","Peja Stojakovic",20.4,1.9,4.8,40,3.6,4.2,85.6,5.8,2.2,"F"
"118","Johnny Newman",10.9,0.7,2.1,33.5,3.1,3.6,85.5,2.1,1.4,"F"
"120","George McCloud",9.6,1,3.1,32.9,2,2.4,84,2.9,3.7,"F"
"121","Dirk Nowitzki",21.8,1.8,4.8,38.7,5.5,6.6,83.8,9.2,2.1,"F"
"122","Charles Oakley",9.6,0.1,0.6,22.4,1.6,1.9,83.6,9.5,3.4,"F"
"123","Shareef Abdur-Rahim",20.5,0.1,0.8,18.8,5.5,6.6,83.4,9.1,3.1,"F"
"124","Rashard Lewis",14.8,1.6,3.7,43.2,2.3,2.7,82.6,6.9,1.6,"F"
"127","Glenn Robinson",22,0.7,2.4,29.9,3.3,4,82,6.9,3.3,"F"
"128","Chris Crawford",6.8,0.1,0.5,27.3,1.4,1.8,81.9,2.3,0.8,"F"
"131","Shawn Marion",17.3,0.3,1,25.6,3,3.7,81,10.7,2,"F"
"132","Keith Van Horn",17,1.3,3.5,38.2,3.1,3.8,80.6,7.1,1.7,"F"
"135","Larry Johnson",9.9,0.8,2.5,31.3,1.6,2,79.7,5.6,2,"F"
"137","Bryon Russell",12,1.2,2.9,41.3,2.8,3.7,77.9,4.2,2.1,"F"
"138","Rick Fox",9.6,1.4,3.7,39.3,1.2,1.5,77.9,4,3.2,"F"
"139","Hedo Turkoglu",5.3,0.4,1.2,32.6,1.2,1.5,77.7,2.8,0.9,"F"
"141","Corey Maggette",10,0.2,0.8,30.4,3.2,4.2,77.4,4.2,1.2,"F"
"142","Tim Thomas",12.6,1.4,3.4,41.2,2.6,3.3,77.1,4.1,1.8,"F"
"144","Jamal Mashburn",20.1,1.4,3.8,35.6,3.7,4.8,76.6,7.6,5.4,"F"
"145","Rasheed Wallace",19.2,0.7,2.1,32.1,3.2,4.2,76.6,7.8,2.8,"F"
"147","Kevin Garnett",22,0.2,0.8,28.8,4.4,5.8,76.4,11.4,5,"F"
"148","Rodney Rogers",12.2,0.7,2.3,29.6,2.3,3,76.1,4.4,2.2,"F"
"149","Donyell Marshall",13.6,0.5,1.6,32,2.5,3.4,75.1,7,1.6,"F"
"150","Metta World Peace",11.9,0.6,1.9,29.1,2.8,3.7,75,3.9,3,"F"
"152","Scottie Pippen",11.3,1,2.9,34.4,1.9,2.5,73.9,5.2,4.6,"F"
"154","DerMarr Johnson",5.1,0.5,1.6,32.3,0.8,1.1,73.6,2.3,0.8,"F"
"155","Lamond Murray",12.8,0.8,2.1,37,2,2.7,73.5,4.4,1.6,"F"
"159","Marcus Fizer",9.5,0.1,0.5,25.6,1.6,2.2,72.7,4.3,1.1,"F"
"160","Kenny Thomas",7.1,0.3,1.2,27.2,1.2,1.7,72.2,5.6,1,"F"
"161","George Lynch",8.4,0.2,0.7,26.3,1.5,2.1,71.9,7.2,1.7,"F"
"164","Antoine Walker",23.4,2.7,7.4,36.7,3.1,4.3,71.6,8.9,5.5,"F"
"165","Antawn Jamison",24.9,0.8,2.5,30.2,4.7,6.5,71.5,8.7,2,"F"
"166","Eric Williams",6.6,0.6,1.7,33.1,2,2.9,71.4,2.6,1.4,"F"
"167","Sean Elliott",7.9,1.1,2.5,42.6,1.2,1.6,71.4,3.3,1.6,"F"
"169","Robert Horry",5.2,0.7,2,34.6,0.7,1.1,71.1,3.7,1.6,"F"
"170","Clifford Robinson",16.4,1.1,3,36.1,3.1,4.4,70.9,4.1,2.9,"F"
"172","Raef LaFrentz",12.9,0.7,1.8,36.7,2.3,3.4,69.8,7.8,1.4,"F"
"173","Derrick Coleman",8.1,0.6,1.5,39.2,1.9,2.7,68.5,5.4,1.1,"F"
"174","Chris Gatling",11.4,0.4,1.2,30.4,2.1,3.1,68.4,5.3,0.8,"F"
"176","Lamar Odom",17.2,1.1,3.3,31.6,3.4,5.1,67.9,7.8,5.2,"F"
"178","Toni Kukoc",11.1,1.1,2.4,44.6,1.6,2.5,63.1,4,3.1,"F"
"180","Marc Jackson",13.2,0.1,0.5,21.7,3.2,4,80.2,7.5,1.2,"C"
"126","Terrell Brandon",12.4,0.1,0.7,17.4,2.6,2.6,98.8,2.9,8.3,"G"
"210","Jon Barry",9,1.5,3.1,46.9,1.3,1.4,93.1,2.9,3.3,"G"
"310","Trajan Langdon",4.8,0.6,1.7,36.5,1,1,91.3,1.3,1.4,"G"
"410","Reggie Miller",16.5,2.3,5.6,40.6,3.7,4.1,91.1,2.8,3.2,"G"
"510","Travis Best",7.9,0.3,0.8,35.6,1.4,1.6,89.7,2,4.4,"G"
"610","Eric Piatkowski",8.8,1.6,3.4,46.6,1.4,1.6,89.4,2.6,1.6,"G"
"710","Richard Hamilton",20,0.3,0.7,38.1,4.8,5.3,89,3.4,2.7,"G"
"810","Darrell Armstrong",12.4,1.7,4.9,34.9,2.2,2.5,88.8,3.9,5.5,"G"
"910","Damon Stoudamire",13.5,1.4,3.9,35.3,2.3,2.6,88.8,3.9,6.5,"G"
"1010","Steve Nash",17.9,1.9,4.2,45.5,3.2,3.6,88.7,3.1,7.7,"G"
"1110","Chauncey Billups",12.5,1.5,3.8,39.4,2.5,2.9,88.5,2.8,5.5,"G"
"1210","Chris Whitney",10.2,1.6,3.9,40.6,1.9,2.1,88,1.9,3.8,"G"
"133","Steven Smith",11.6,1.5,3.2,47.2,2.1,2.4,87.8,2.5,2,"G"
"143","Troy Hudson",11.7,0.8,2.3,35.3,2.2,2.5,87.6,1.8,3.1,"G"
"157","Ray Allen",21.8,3.3,7.7,43.4,3.1,3.6,87.3,4.5,3.9,"G"
"1610","Allan Houston",20.4,1.8,4.5,39.3,3.8,4.4,87,3.3,2.5,"G"
"179","John Crotty",6.9,0.8,1.7,44.9,1.4,1.6,86.4,1.8,3.4,"G"
"189","Jim Jackson",10.7,0.7,1.5,46.9,1.4,1.6,86.2,5.3,2.5,"G"
"192","Sam Cassell",19.7,1,2.8,34.8,3.8,4.4,86,4.2,6.7,"G"
"201","Jerry Stackhouse",21.4,1.1,3.9,28.7,6.5,7.6,85.8,4.1,5.3,"G"
"211","Rusty LaRue",5.8,0.5,1.5,34,0.9,1.1,85.7,1.5,2.2,"G"
"221","John Stockton",13.4,0.3,1,32.1,3.4,3.9,85.7,3.2,8.2,"G"
"231","Derek Anderson",10.8,1.2,3.3,37.3,2.5,3,85.6,2.7,3.1,"G"
"241","Doug Christie",12,1.1,3.2,35.2,2.5,3,85.1,4.6,4.2,"G"
"251","Cuttino Mobley",21.7,2,5.1,39.5,3.6,4.2,85,4.1,2.5,"G"
"261","Desmond Mason",12.4,0.2,0.8,27.1,2.7,3.2,84.8,4.7,1.4,"G"
"271","Derek Fisher",11.2,2.1,5,41.3,1.3,1.6,84.7,2.1,2.6,"G"
"281","Brent Barry",14.4,2,4.8,42.4,2.4,2.9,84.6,5.4,5.3,"G"
"291","Bryant Stith",4.2,0.5,1.4,35.3,0.9,1,84.6,1.7,0.8,"G"
"301","Erick Strickland",7.7,1.2,3.1,38.5,1.7,2,84.5,2.7,2.3,"G"
"311","Lucious Harris",9.1,0.6,1.6,37.3,1.8,2.1,84.2,2.8,1.6,"G"
"321","Fred Hoiberg",4.4,0.3,1.2,26.1,1,1.2,84,2.7,1.7,"G"
"331","Jalen Rose",20.4,1.1,3,36.2,3.4,4,83.9,4.5,4.3,"G"
"341","Speedy Claxton",7.2,0.1,0.5,12.1,1.7,2,83.8,2.4,3,"G"
"351","Michael Finley",20.6,1.1,3.2,33.9,3,3.6,83.7,5.2,3.3,"G"
"361","Eddie Jones",18.3,1.8,4.7,39,3.7,4.4,83.7,4.7,3.2,"G"
"371","Jeff McInnis",14.6,0.9,2.9,32.1,2.3,2.7,83.6,2.6,6.2,"G"
"381","Jason Terry",19.3,2.2,5.7,38.7,3.6,4.4,83.5,3.5,5.7,"G"
"391","Wally Szczerbiak",18.7,1.1,2.3,45.5,2.8,3.3,83.1,4.8,3.1,"G"
"401","Kobe Bryant",25.2,0.4,1.7,25,6.1,7.4,82.9,5.5,5.5,"G"
"411","Jacque Vaughn",6.6,0.3,0.7,44.4,1.3,1.5,82.5,2,4.3,"G"
"421","Bryon Russell",9.6,1.2,3.4,34.1,1.7,2.1,82.1,4.5,2.1,"G"
"431","Latrell Sprewell",19.4,1.8,5,36,3.5,4.3,82.1,3.7,3.9,"G"
"441","Terry Porter",5.5,0.8,2,41.5,0.9,1.2,81.9,2.3,2.8,"G"
"451","Chris Childs",4.1,0.5,1.7,27.5,0.8,1,81.7,2.2,5.1,"G"
"461","Andre Miller",16.5,0.3,1.1,25.3,4.5,5.5,81.7,4.7,10.9,"G"
"471","Jason Kidd",14.7,1.4,4.4,32.1,2.5,3,81.4,7.3,9.9,"G"
"481","Allen Iverson",31.4,1.3,4.5,29.1,7.9,9.8,81.2,4.5,5.5,"G"
"491","Anfernee Hardaway",12,0.3,1,27.7,2,2.4,81,4.4,4.1,"G"
"501","Bobby Jackson",11.1,1,2.7,36.1,1.8,2.3,81,3.1,2,"G"
"511","DerMarr Johnson",8.4,1.2,3.4,36,1.2,1.5,81,3.4,1.1,"G"
"521","Paul Pierce",26.1,2.6,6.3,40.4,6.3,7.8,80.9,6.9,3.2,"G"
"531","Tony Delk",9.5,1.1,3.4,31.3,1.2,1.5,80.4,3.2,2.1,"G"
"541","Mike Bibby",13.7,0.6,1.7,37,1.9,2.4,80.3,2.8,5,"G"
"551","Corey Maggette",11.4,0.7,2.2,33.1,3.2,4,80.1,3.7,1.8,"G"
"561","Nick Van Exel",18.4,1.7,4.9,34,2.8,3.5,80.1,3.5,6.6,"G"
"571","Glen Rice",8.6,0.9,3.2,28.1,1.2,1.5,80,2.4,1.6,"G"
"581","Wesley Person",15.1,1.8,4.1,44.4,1.3,1.6,79.8,3.8,2.2,"G"
"591","Vince Carter",24.7,2,5.2,38.7,4.1,5.1,79.8,5.2,4,"G"
"601","Gary Payton",22.1,0.9,2.9,31.4,3.3,4.1,79.7,4.8,9,"G"
"611","Howard Eisley",4.4,0.4,1.5,24.1,1,1.3,79.6,1.3,2.6,"G"
"621","Eddie Gill",5,0.3,1,31.8,1.3,1.7,79.5,1.2,2.1,"G"
"631","Tim Hardaway",9.6,1.8,5.2,34.7,1.1,1.4,79.4,1.8,4.1,"G"
"641","James Posey",10.7,0.9,3.2,28.3,2.2,2.8,79.3,5.9,2.5,"G"
"651","Jason Williams",14.8,2,6.6,29.5,1.2,1.6,79.2,3,8,"G"
"661","Michael Redd",11.4,1.3,3,44.4,1.4,1.7,79.1,3.3,1.4,"G"
"671","Mark Jackson",8.4,1,2.4,40.5,1.1,1.3,79.1,3.8,7.4,"G"
"681","Michael Jordan",22.9,0.2,0.9,18.9,4.4,5.6,79,5.7,5.2,"G"
"691","Aaron McKie",12.2,1.1,2.7,39.8,2,2.5,78.7,4,3.7,"G"
"701","Walt Williams",9.4,1.6,3.8,42.6,0.8,1.1,78.4,3.4,1.4,"G"
"711","Voshon Lenard",11.5,1.3,3.4,37.1,1.3,1.7,78.3,2.6,1.8,"G"
"721","Kenny Satterfield",5.3,0.2,0.8,25.9,1,1.3,78.3,1.4,3,"G"
"731","Stephon Marbury",20.4,0.9,3,28.6,4.3,5.5,78.1,3.2,8.1,"G"
"741","Oscar Torres",6,0.6,1.9,29.4,1.3,1.6,78.1,1.9,0.6,"G"
"751","Gilbert Arenas",10.9,0.8,2.4,34.5,2.6,3.4,77.5,2.8,3.7,"G"
"761","Scottie Pippen",10.6,0.9,2.9,30.5,1.8,2.4,77.4,5.2,5.9,"G"
"771","Steve Francis",21.6,1.2,3.7,32.4,5.7,7.4,77.3,7,6.4,"G"
"781","Quentin Richardson",13.3,1.6,4.3,38.1,1.8,2.3,76.5,4.1,1.6,"G"
"791","Trenton Hassell",8.7,0.8,2.1,36.4,1.1,1.5,76.3,3.3,2.2,"G"
"801","Mike Miller",15.2,1.8,4.8,38.3,2.2,2.9,76.2,4.3,3.1,"G"
"811","Dion Glover",8.9,0.5,1.7,33,1.4,1.9,75.7,3.1,1.5,"G"
"821","Antonio Daniels",9.2,0.7,2.4,29.1,1.9,2.6,75.2,2.1,2.8,"G"
"831","Moochie Norris",8.1,0.4,1.6,26.9,1.5,2.1,75.1,3,4.9,"G"
"841","Morris Peterson",14,1.3,3.7,36.4,2,2.7,75.1,3.5,2.4,"G"
"851","Tracy McGrady",25.6,1.4,3.7,36.4,5.5,7.3,74.8,7.8,5.3,"G"
"861","Kerry Kittles",13.4,1.2,3,40.5,1.6,2.1,74.4,3.4,2.6,"G"
"871","Matt Harpring",11.8,0.3,0.9,30.4,2,2.7,74.3,7.1,1.3,"G"
"881","Bonzi Wells",17,0.9,2.3,38.4,2.9,3.9,74.1,6,2.8,"G"
"891","Larry Hughes",12.3,0.2,1.3,19.4,2.6,3.5,73.7,3.4,4.3,"G"
"901","Alvin Williams",11.8,0.8,2.4,32.1,1.3,1.7,73.6,3.4,5.7,"G"
"911","David Wesley",14.2,1.3,3.8,33.2,2.1,2.8,73.4,2.1,3.5,"G"
"921","Bobby Simmons",3.7,0.1,0.5,28.6,0.7,1,73.3,1.7,0.6,"G"
"931","Eric Williams",6.4,0.3,1.2,27.9,2.2,3,73.1,3,1.5,"G"
"941","Milt Palacio",3.3,0.2,0.6,31.7,0.8,1.1,73,1.1,1.2,"G"
"951","Rodney Buford",9.4,0.3,1.1,24.3,0.9,1.3,72.5,4.3,1.1,"G"
"961","Bob Sura",10,0.5,1.7,31.6,3,4.2,72,3.3,3.5,"G"
"971","Jamaal Tinsley",9.4,0.5,2.2,24,1.6,2.3,70.4,3.7,8.1,"G"
"981","Ruben Patterson",11.2,0.1,0.5,25,2.6,3.7,70.1,4,1.4,"G"
"991","Shane Battier",14.4,1.3,3.5,37.3,2.5,3.6,70,5.4,2.8,"G"
"1001","Chucky Atkins",12.1,1.7,4.3,41.1,1.1,1.5,69.2,2,3.3,"G"
"1011","Shandon Anderson",5,0.5,1.7,27.7,0.9,1.3,69.2,3,0.9,"G"
"1021","Tyrone Nesby",6.3,0.2,0.7,27.7,0.9,1.3,68.8,4.5,1.3,"G"
"1031","Kendall Gill",5.7,0.1,0.7,13.6,0.6,1,67.7,2.8,1.5,"G"
"1041","Tony Parker",9.2,0.8,2.5,32.3,1.4,2.1,67.5,2.6,4.3,"G"
"1051","Devean George",7.1,0.8,2.2,37.1,1,1.5,67.5,3.7,1.4,"G"
"1061","Jason Richardson",14.4,1,3.1,33.3,1.8,2.6,67.1,4.3,3,"G"
"107","Will Solomon",5.2,0.7,2.6,28.4,0.8,1.2,67.1,1.1,1.5,"G"
"108","Greg Anthony",7.9,0.8,2.7,29.4,1,1.5,65.9,2.2,4.7,"G"
"1091","Charles Smith",7.4,0.6,2.2,26.7,0.7,1.1,64.6,2.2,1.3,"G"
"110","Baron Davis",18.1,2.1,5.8,35.6,2.4,4.1,58,4.3,8.5,"G"
"1111","Bruce Bowen",7,0.9,2.5,37.8,0.8,1.6,47.9,2.7,1.5,"G"
"1151","Peja Stojakovic",21.2,1.8,4.4,41.6,4,4.5,87.6,5.3,2.5,"F"
"1161","Jamal Mashburn",21.5,1,2.8,36.6,5.3,6,87.6,6.1,4.3,"F"
"119","Dirk Nowitzki",23.4,1.8,4.6,39.7,5.8,6.8,85.3,9.9,2.4,"F"
"1211","Austin Croshere",6.8,0.6,1.9,33.8,1.3,1.5,85.1,3.9,1,"F"
"1231","Shawn Marion",19.1,0.6,1.5,39.3,2.4,2.8,84.5,9.9,2,"F"
"125","Glenn Robinson",20.7,0.9,2.7,32.6,3.6,4.3,83.7,6.2,2.5,"F"
"1281","Rick Fox",7.9,0.8,2.5,31.3,0.9,1,82.4,4.7,3.5,"F"
"1311","Lamond Murray",16.6,1.4,3.4,42.4,3,3.7,81.7,5.2,2.2,"F"
"1321","Derrick Coleman",15.1,0.5,1.4,33.7,3.2,3.9,81.5,8.8,1.7,"F"
"134","Rashard Lewis",16.8,1.7,4.5,38.9,2.3,2.8,81,7,1.7,"F"
"1351","George McCloud",8.8,0.9,3.2,27,1.9,2.4,81,3.6,3,"F"
"1381","Kevin Garnett",21.2,0.5,1.4,31.9,4.4,5.5,80.1,12.1,5.2,"F"
"1391","Shareef Abdur-Rahim",21.2,0.3,0.9,30,5.4,6.8,80.1,9,3.1,"F"
"1421","Keith Van Horn",14.8,1.2,3.6,34.5,1.9,2.4,80,7.5,2,"F"
"1441","Ron Mercer",13.9,0.3,1.2,29,1.8,2.2,79.8,3.4,2.4,"F"
"146","Chris Mills",7.4,0.7,1.9,37.8,1.3,1.6,79.4,2.9,1.1,"F"
"1471","Tim Thomas",11.7,1.3,3.9,32.6,1.9,2.4,79.3,4.1,1.4,"F"
"1491","Rodney Rogers",11.9,1.1,3.1,37.4,1.5,1.9,78.5,4.5,1.4,"F"
"151","Robert Horry",6.8,0.9,2.5,37.4,1.3,1.7,78.3,5.9,2.9,"F"
"1541","Jonathan Bender",7.4,0.6,1.6,36,1.8,2.3,77.3,3.1,0.8,"F"
"1551","Andrei Kirilenko",10.7,0.3,1.2,25,3.5,4.5,76.8,4.9,1.1,"F"
"1591","Eddie Griffin",8.8,1.2,3.7,33,0.9,1.2,74.4,5.7,0.7,"F"
"162","Antoine Walker",22.1,2.7,8,34.4,3,4,74.1,8.8,5,"F"
"163","Scott Padgett",6.7,0.7,1.5,43.4,1,1.4,73.5,3.8,1.1,"F"
"1641","Antawn Jamison",19.7,0.8,2.6,32.4,3.9,5.4,73.4,6.8,2,"F"
"1651","Rasheed Wallace",19.3,1.4,4,36,2.5,3.5,73.4,8.2,1.9,"F"
"168","Hedo Turkoglu",10.1,0.8,2.1,36.8,2.1,2.9,72.6,4.5,2,"F"
"1701","Johnny Newman",4.2,0.5,1.2,38.6,0.9,1.2,72.4,1,0.3,"F"
"171","Richard Jefferson",9.4,0.2,0.7,23.2,2.4,3.4,71.3,3.7,1.8,"F"
"1721","Toni Kukoc",9.9,0.9,2.9,31,1.8,2.6,71.2,3.7,3.5,"F"
"1731","Donyell Marshall",14.8,0.2,0.7,31,2.8,3.9,70.8,7.6,1.7,"F"
"1761","Raef LaFrentz",13.5,1.3,3.4,38.8,1.3,1.9,69.5,7.4,1.1,"F"
"177","Clifford Robinson",14.6,1.4,3.8,37.8,1.8,2.6,69.4,4.8,2.5,"F"
"1801","Vladimir Radmanovic",6.7,1.1,2.6,42,0.8,1.2,68.1,3.8,1.3,"F"
"181","Kenyon Martin",14.9,0.2,0.9,22.4,2.5,3.7,67.8,5.3,2.6,"F"
"185","Marcus Fizer",12.3,0.1,0.5,17.1,2.5,3.7,66.8,5.6,1.6,"F"
"186","Metta World Peace",13.2,1,3.1,31.2,2.5,3.7,66.7,4.9,2.3,"F"
"187","Lamar Odom",13.1,0.6,2.9,19,2.1,3.2,65.6,6.1,5.9,"F"
"188","LaPhonso Ellis",7.1,0.6,1.9,30.6,0.8,1.3,63.1,4.3,0.8,"F"
"191","Wang Zhi-zhi",5.6,0.9,2.1,41.4,0.8,1,73.7,2,0.4,"C"
"130","names",22.5,2.2,5.5,39.6,4.4,4.8,91.9,2.8,2.7,"G"
"212","names",22.5,2.6,7,37.7,4.2,4.5,91.6,5,4.4,"G"
"312","names",17.8,1.4,3.3,41.3,3.8,4.2,90.9,2.9,7.3,"G"
"412","names",14.2,1.2,3.4,36.5,2.6,2.9,90,2.3,5.7,"G"
"512","names",12.6,1.6,4.5,35.5,3,3.3,90,2.5,2.4,"G"
"612","names",17.2,2,5.3,37.1,3.2,3.6,88.7,3.4,7.4,"G"
"712","names",16.2,2,5.1,39.2,4.3,4.9,87.8,3.7,3.9,"G"
"812","names",21.5,1,3.5,29,6.5,7.4,87.8,3.7,4.5,"G"
"912","names",9.4,1,2.8,33.6,2,2.3,87.8,3.6,3.9,"G"
"1012","names",8.6,0.8,2.3,34.1,1.2,1.4,87.5,2,3.5,"G"
"1112","names",17.6,1.2,2.8,42.1,2.9,3.3,86.7,4.6,2.6,"G"
"1212","names",8.8,0.4,1.1,37.7,2.5,2.9,86.5,1.3,3.3,"G"
"136","names",19.7,0.8,2.1,36.2,4.9,5.7,86.1,4.4,5.8,"G"
"1410","names",15.9,1,2.5,40.9,2.9,3.4,86.1,2.7,5.2,"G"
"158","names",19.3,1.7,4.7,37,2.9,3.3,86.1,5.8,3,"G"
"1611","names",6.9,1.1,2.7,40.7,1.1,1.3,86,2.3,2.6,"G"
"1710","names",13.9,1.5,4.4,35,3,3.5,85.9,3.5,4.3,"G"
"1810","names",17.5,1.5,4.4,35.2,3.3,3.9,85.8,4.2,2.8,"G"
"193","names",3.7,0.3,0.9,30.5,1,1.1,85.5,1.1,1.3,"G"
"202","names",22.1,1.6,4.4,37,4.9,5.7,85.4,4.3,4.8,"G"
"213","names",8.4,0.5,1.5,33,1.5,1.7,85.4,2,3.5,"G"
"222","names",9.1,1.6,4.1,38.9,1.1,1.3,84.8,2.3,5.4,"G"
"232","names",15.2,1.5,4,37.9,2.1,2.5,84.6,3.7,3.1,"G"
"242","names",30,1.5,4,38.3,7.3,8.7,84.3,6.9,5.9,"G"
"252","names",18.7,1.6,4.6,34.1,4.2,5,84.1,6.3,8.9,"G"
"262","names",12.1,1.9,5.3,35.4,1.4,1.7,84,2.8,8.3,"G"
"272","names",15.6,1.7,4.6,36.3,2.4,2.9,83.9,5.2,2.6,"G"
"282","names",9,0.5,1.4,33,1.4,1.7,83.6,4.4,3.5,"G"
"292","names",4.4,0.2,0.9,21.9,1,1.2,83.3,1.7,2.1,"G"
"302","names",10.8,0.8,2.8,30.6,2.5,3,83.3,5.1,2.2,"G"
"313","names",19.7,0.4,1.5,26.9,5.4,6.4,83.3,3.9,2.5,"G"
"322","names",6.8,0.7,2.2,33.1,1.8,2.2,83.3,1.9,1.3,"G"
"332","names",6.2,0.6,1.8,32.2,1.5,1.8,83.1,1.8,2.5,"G"
"342","names",9.7,1.3,3.2,39.8,1.6,2,82.8,2.5,1.1,"G"
"352","names",9.7,1.1,2.8,39.8,1.5,1.9,82.8,4.4,1.3,"G"
"362","names",7,1,3.2,30.5,1.1,1.4,82.6,1.3,2.8,"G"
"372","names",10.8,0.4,1,36.3,2.9,3.5,82.6,2.5,7.7,"G"
"382","names",18.5,2.1,5.1,40.7,4,4.9,82.2,4.8,3.7,"G"
"392","names",20,0.2,0.7,29.1,3.2,4,82.1,6.1,3.8,"G"
"402","names",12.3,1.1,3.3,34.1,2,2.4,82,3.1,1.8,"G"
"413","names",10.8,0.6,2.1,28.6,1.9,2.3,81.8,4.3,4.5,"G"
"422","names",11,1.5,3.5,43.3,1.2,1.5,81.4,2.9,1.7,"G"
"432","names",9.4,0.9,2.3,39.5,1.8,2.2,81,4.3,4.7,"G"
"442","names",7.9,0.3,0.9,33.3,1.8,2.2,80.8,1.8,1.2,"G"
"452","names",20.6,1,3,34.4,3,3.7,80.6,4.4,3.3,"G"
"462","names",10.7,1.1,3,35.5,1.3,1.6,80.6,2.3,4.2,"G"
"472","names",15.1,2.2,5.1,43.8,1.8,2.3,80.5,4.5,1.4,"G"
"482","names",6.5,0.9,2.3,38.8,1,1.2,80.5,2,2.9,"G"
"492","names",6.4,0.6,2,29.8,0.9,1.1,80.4,1.7,1,"G"
"502","names",10.3,0.6,1.8,34.6,2,2.5,80.4,3,2,"G"
"513","names",14.3,1.5,4,36.5,2.5,3.1,80.4,3.4,2.3,"G"
"522","names",22.3,1.1,3.7,30.1,4.6,5.8,80.3,3.2,8.1,"G"
"532","names",16.8,1,2.8,35,5.1,6.3,80.2,5,1.9,"G"
"542","names",6,0.2,0.7,27.3,0.9,1.1,80.2,2.9,1.3,"G"
"552","names",25.9,1.5,4.9,30.2,7.6,9.5,80.2,7.3,4.4,"G"
"562","names",13.4,1.2,3.7,31.6,2.7,3.4,80,1.7,2.8,"G"
"572","names",10.5,1,2.6,40.1,1.2,1.5,80,2.9,3.6,"G"
"582","names",21,1,3,35.4,5.9,7.3,80,6.2,6.2,"G"
"592","names",13.6,0.3,1.4,21.3,3.9,4.9,79.5,4,6.7,"G"
"602","names",10.3,1.6,3.9,40.3,1.7,2.1,79.5,4,5.1,"G"
"613","names",10.6,0.4,1.3,35.6,1.3,1.7,79.4,4.4,4.1,"G"
"622","names",16.4,1.8,4.9,37.2,2.3,2.9,79.4,3.9,4.5,"G"
"632","names",32.1,2.3,6,38.6,7.7,9.7,79.3,6.5,5.5,"G"
"642","names",17.6,0.8,2.1,41.3,3.4,4.2,79.2,6.6,1.7,"G"
"652","names",6.9,0.7,1.9,38.6,0.9,1.1,79.1,2.6,3.5,"G"
"662","names",18.3,1.3,3.8,34.8,4.5,5.7,79.1,4.7,6.3,"G"
"672","names",6.9,0.7,1.9,37.1,1.2,1.5,79,4,1.3,"G"
"682","names",14.1,1.4,4.2,33.7,2.4,3,78.9,4.4,2.3,"G"
"692","names",3.2,0.2,0.8,28.6,0.8,1,78.7,1.5,2,"G"
"702","names",13,1.2,3.4,35.6,1.6,2.1,78.5,3.9,2.6,"G"
"713","names",9.7,0.7,2.1,35.4,1.7,2.1,78.4,3.7,1.9,"G"
"722","names",13.2,0.6,1.9,32.9,2.4,3.1,78.2,3.1,5.3,"G"
"732","names",9.8,1.8,4.5,39.5,1,1.3,78.2,3.5,2.2,"G"
"742","names",16.7,1.8,4.3,42.4,2.5,3.2,78.1,2.4,3.4,"G"
"752","names",5.7,0.6,1.8,34.7,1,1.2,78,2.6,1.3,"G"
"762","names",27.6,1,3.7,27.7,7,9,77.4,4.2,5.5,"G"
"772","names",9.8,0.9,2.5,36.6,1.2,1.5,77.4,3.2,2.6,"G"
"782","names",6.4,0.9,2.5,36,0.8,1,77.2,1.3,1.6,"G"
"792","names",4.5,0.7,2,32.9,0.8,1,76.8,3,1,"G"
"802","names",8.3,1.6,4.5,35.3,1.3,1.7,76.6,2.3,2.6,"G"
"813","names",8,1.2,3.3,35.6,1,1.3,76.5,2.2,3.4,"G"
"822","names",8.7,0.2,0.7,32.2,1.5,2,76.4,3,1.9,"G"
"832","names",15.6,1.5,4.1,36.8,2.5,3.3,76.4,4.6,3,"G"
"842","names",4.7,0.3,1.2,28.4,0.7,1,76.3,2.1,4.6,"G"
"852","names",12.5,1.6,4.3,37.8,1.5,1.9,76.1,2.8,4.3,"G"
"862","names",11.8,1.2,3.7,32,1.7,2.3,76,3.6,2.3,"G"
"872","names",9,1.6,4.1,39.8,1,1.3,75.9,2.5,1,"G"
"882","names",15.5,1,3,33.7,2.7,3.5,75.5,2.6,5.3,"G"
"892","names",7.4,0.8,2.5,31.9,1.2,1.6,75.2,2.4,2.9,"G"
"902","names",9.1,0.5,1.3,33.6,2.5,3.3,75,4.7,1.7,"G"
"913","names",14.3,0.3,0.9,29.2,2.7,3.5,74.9,6.5,2,"G"
"922","names",5,0.1,0.5,21.6,0.8,1.1,74.7,2.9,3.2,"G"
"932","names",7.6,0.7,2.1,34.5,1.8,2.5,73.7,2.3,2,"G"
"942","names",7.8,0.9,2.9,29.4,1.3,1.8,73.2,1.9,3.2,"G"
"952","names",8.4,0.6,1.7,37.1,1.7,2.3,73.2,3.1,1.1,"G"
"962","names",12.8,0.4,1.2,36.7,2,2.8,73.1,4.6,3.1,"G"
"972","names",9.7,1.2,3.7,31.8,1.2,1.6,72.3,2,2.4,"G"
"982","names",15.2,0.5,1.7,29.2,3,4.2,72.2,5.3,3.3,"G"
"992","names",5.5,0.4,1.2,34.1,0.8,1.1,72.1,2.1,2.8,"G"
"1002","names",7.8,0.6,2.3,27.7,1.1,1.5,71.4,3.6,7.5,"G"
"1013","names",20.4,0.7,2.3,29.7,3.1,4.4,71,4.2,8.3,"G"
"1022","names",17.1,2,5.7,35,1.9,2.6,71,3.7,6.4,"G"
"1032","names",7.3,0.5,1.5,32.9,1.9,2.7,69.6,3,3.2,"G"
"1042","names",4.1,0.2,0.5,37.1,0.8,1.1,68.9,1.2,1.3,"G"
"1052","names",5.1,0.7,2.3,31.5,1,1.5,68.6,1.2,1,"G"
"1062","names",9.4,1,3.4,30.8,1.4,2.1,68.5,4.8,0.9,"G"
"1071","names",7.8,1.1,2.8,39.2,0.8,1.1,68.5,2.3,4.1,"G"
"1081","names",4.4,0.1,0.5,24.4,1,1.4,68.4,1.9,2.4,"G"
"1092","names",2.6,0.2,0.6,29.5,0.7,1,67.9,2.5,0.9,"G"
"1101","names",9.5,0.9,2.7,32.2,1.4,2.1,64,2.6,4.7,"G"
"1113","names",7.1,1.2,2.8,44.1,0.4,1.1,40.4,2.9,1.4,"G"
"112","names",25.1,1.9,4.9,37.9,6,6.9,88.1,9.9,3,"F"
"1141","names",20.8,1.3,3.8,34.2,3.9,4.4,87.6,6.6,3,"F"
"1152","names",19.2,2.2,5.6,38.2,3.2,3.7,87.5,5.5,2,"F"
"1191","names",21.2,1.7,4.5,38.7,3.1,3.6,85.1,9.5,2.4,"F"
"1201","names",21.6,1.5,3.7,38.9,3.8,4.5,84.8,6.1,5.6,"F"
"1213","names",19.9,0.3,0.7,35,5.6,6.7,84.1,8.4,3,"F"
"1251","names",10.7,2,5,39.6,1,1.2,83,3.8,1.5,"F"
"1282","names",15.4,0.4,1.4,31.8,4,4.8,82.4,5.1,2.7,"F"
"129","names",18.1,1,2.8,34.6,3.7,4.5,82,6.5,1.7,"F"
"1312","names",5.1,0.6,1.4,39.1,1.1,1.3,81.5,3.2,1.1,"F"
"1352","names",15.9,0.9,2.4,36.9,2.6,3.2,80.4,7.1,1.3,"F"
"1382","names",12,0.5,1.4,32.5,3.7,4.6,80,5.3,1.7,"F"
"1392","names",6.7,0.4,1.2,37.2,1.3,1.6,80,2.8,1.3,"F"
"1442","names",6.9,0.4,1.3,26.9,0.8,1.1,79,2.7,2.2,"F"
"1451","names",22.2,0.8,2.5,31.1,4.6,5.8,78.9,7,1.9,"F"
"1472","names",6.4,0.2,1.1,22.2,0.9,1.2,78.4,3.4,0.7,"F"
"1481","names",9,0.4,1.9,23.9,1.4,1.7,78.4,3,1.7,"F"
"1501","names",9.4,0.3,1,32.8,2.1,2.7,78.4,7,1.4,"F"
"1511","names",13.3,1.2,3.3,36.6,1.8,2.3,78,4.9,1.3,"F"
"1521","names",7.7,0.4,1.2,38.1,1,1.2,77.8,3.7,1.4,"F"
"153","names",14.6,0.9,2.6,32.6,2.8,3.6,77.7,6.7,3.6,"F"
"1552","names",12.2,0.2,0.6,28.3,2.6,3.3,77,6.2,1.5,"F"
"156","names",6.5,0.6,2.2,28.8,1.3,1.7,76.9,6.4,2.9,"F"
"1612","names",5,0.5,1.9,25.2,0.9,1.2,75.8,2.9,0.3,"F"
"1621","names",5.7,0.5,1.6,33.8,1,1.3,75.7,3.3,1,"F"
"1631","names",13.4,0.4,1.1,37.9,2.1,2.8,75.6,9,1.8,"F"
"1642","names",7,0.6,1.9,33.3,1,1.3,75.6,3.9,1.6,"F"
"1652","names",23,0.2,0.9,28.2,4.6,6.1,75.1,13.4,6,"F"
"1681","names",20.6,0.9,2.6,36.3,4.4,5.9,74.8,4.9,5.5,"F"
"1691","names",15.5,1,3.1,33.6,4,5.4,73.6,5.2,2.9,"F"
"1702","names",18.1,1.5,4.1,35.8,2.7,3.7,73.5,7.4,2.1,"F"
"1711","names",6.9,0.5,1.6,33.9,1.3,1.8,73.3,4.7,1,"F"
"1732","names",7.5,0.7,2.4,29.2,1.1,1.4,73.1,2.6,1.3,"F"
"175","names",6.6,0.4,1.2,35.8,1.3,1.8,71.4,2.9,0.9,"F"
"1762","names",12.5,0.2,0.7,29.2,2.2,3,71.2,6.5,1.2,"F"
"1771","names",11.6,1.5,4.2,36.1,2.2,3.1,70.6,4.2,3.7,"F"
"1781","names",10.1,1.4,4.1,35.5,1,1.4,70.6,4.5,1.3,"F"
"1802","names",9.3,0.7,1.7,40.5,0.9,1.3,68.2,4.8,0.8,"F"
"1811","names",12.2,1.1,3.2,33.6,2,2.9,67.6,3.9,3.3,"F"
"182","names",16.7,0.1,0.6,20.9,3.3,5.1,65.3,8.3,2.4,"F"
"183","names",6.1,1.1,3,36.7,0.7,1.2,62.2,3.5,1.3,"F"
"184","names",8.6,0.8,2.5,33.3,0.8,1.2,61.7,6,1.1,"F"
"1851","names",20.1,2.4,7.5,32.3,2.3,3.7,61.5,7.2,4.8,"F"
"1871","names",9.4,0.4,1,35.3,1.1,1.4,79.1,3.9,1,"C"
"190","names",4.4,0.4,1.1,34,1,1.4,72.4,1.9,0.2,"C"
"1911","names",9.8,1.4,3.9,35.4,0.7,1,68.7,5.1,1.4,"C"
